"global_step","MountainCarContinuous-v0_mpc_s4_1754939755 - _step","MountainCarContinuous-v0_mpc_s4_1754939755 - _step__MIN","MountainCarContinuous-v0_mpc_s4_1754939755 - _step__MAX","MountainCarContinuous-v0_mpc_s4_1754939755 - time/wallclock_per_1k_steps","MountainCarContinuous-v0_mpc_s4_1754939755 - time/wallclock_per_1k_steps__MIN","MountainCarContinuous-v0_mpc_s4_1754939755 - time/wallclock_per_1k_steps__MAX","MountainCarContinuous-v0_mpc_s9_1754939128 - _step","MountainCarContinuous-v0_mpc_s9_1754939128 - _step__MIN","MountainCarContinuous-v0_mpc_s9_1754939128 - _step__MAX","MountainCarContinuous-v0_mpc_s9_1754939128 - time/wallclock_per_1k_steps","MountainCarContinuous-v0_mpc_s9_1754939128 - time/wallclock_per_1k_steps__MIN","MountainCarContinuous-v0_mpc_s9_1754939128 - time/wallclock_per_1k_steps__MAX","MountainCarContinuous-v0_mpc_s8_1754938677 - _step","MountainCarContinuous-v0_mpc_s8_1754938677 - _step__MIN","MountainCarContinuous-v0_mpc_s8_1754938677 - _step__MAX","MountainCarContinuous-v0_mpc_s8_1754938677 - time/wallclock_per_1k_steps","MountainCarContinuous-v0_mpc_s8_1754938677 - time/wallclock_per_1k_steps__MIN","MountainCarContinuous-v0_mpc_s8_1754938677 - time/wallclock_per_1k_steps__MAX","MountainCarContinuous-v0_mpc_s7_1754938137 - _step","MountainCarContinuous-v0_mpc_s7_1754938137 - _step__MIN","MountainCarContinuous-v0_mpc_s7_1754938137 - _step__MAX","MountainCarContinuous-v0_mpc_s7_1754938137 - time/wallclock_per_1k_steps","MountainCarContinuous-v0_mpc_s7_1754938137 - time/wallclock_per_1k_steps__MIN","MountainCarContinuous-v0_mpc_s7_1754938137 - time/wallclock_per_1k_steps__MAX","MountainCarContinuous-v0_mpc_s6_1754937590 - _step","MountainCarContinuous-v0_mpc_s6_1754937590 - _step__MIN","MountainCarContinuous-v0_mpc_s6_1754937590 - _step__MAX","MountainCarContinuous-v0_mpc_s6_1754937590 - time/wallclock_per_1k_steps","MountainCarContinuous-v0_mpc_s6_1754937590 - time/wallclock_per_1k_steps__MIN","MountainCarContinuous-v0_mpc_s6_1754937590 - time/wallclock_per_1k_steps__MAX","MountainCarContinuous-v0_mpc_s5_1754937070 - _step","MountainCarContinuous-v0_mpc_s5_1754937070 - _step__MIN","MountainCarContinuous-v0_mpc_s5_1754937070 - _step__MAX","MountainCarContinuous-v0_mpc_s5_1754937070 - time/wallclock_per_1k_steps","MountainCarContinuous-v0_mpc_s5_1754937070 - time/wallclock_per_1k_steps__MIN","MountainCarContinuous-v0_mpc_s5_1754937070 - time/wallclock_per_1k_steps__MAX","MountainCarContinuous-v0_mpc_s3_1754933676 - _step","MountainCarContinuous-v0_mpc_s3_1754933676 - _step__MIN","MountainCarContinuous-v0_mpc_s3_1754933676 - _step__MAX","MountainCarContinuous-v0_mpc_s3_1754933676 - time/wallclock_per_1k_steps","MountainCarContinuous-v0_mpc_s3_1754933676 - time/wallclock_per_1k_steps__MIN","MountainCarContinuous-v0_mpc_s3_1754933676 - time/wallclock_per_1k_steps__MAX","MountainCarContinuous-v0_mpc_s2_1754933238 - _step","MountainCarContinuous-v0_mpc_s2_1754933238 - _step__MIN","MountainCarContinuous-v0_mpc_s2_1754933238 - _step__MAX","MountainCarContinuous-v0_mpc_s2_1754933238 - time/wallclock_per_1k_steps","MountainCarContinuous-v0_mpc_s2_1754933238 - time/wallclock_per_1k_steps__MIN","MountainCarContinuous-v0_mpc_s2_1754933238 - time/wallclock_per_1k_steps__MAX","MountainCarContinuous-v0_mpc_s1_1754932711 - _step","MountainCarContinuous-v0_mpc_s1_1754932711 - _step__MIN","MountainCarContinuous-v0_mpc_s1_1754932711 - _step__MAX","MountainCarContinuous-v0_mpc_s1_1754932711 - time/wallclock_per_1k_steps","MountainCarContinuous-v0_mpc_s1_1754932711 - time/wallclock_per_1k_steps__MIN","MountainCarContinuous-v0_mpc_s1_1754932711 - time/wallclock_per_1k_steps__MAX","MountainCarContinuous-v0_mpc_s0_1754932117 - _step","MountainCarContinuous-v0_mpc_s0_1754932117 - _step__MIN","MountainCarContinuous-v0_mpc_s0_1754932117 - _step__MAX","MountainCarContinuous-v0_mpc_s0_1754932117 - time/wallclock_per_1k_steps","MountainCarContinuous-v0_mpc_s0_1754932117 - time/wallclock_per_1k_steps__MIN","MountainCarContinuous-v0_mpc_s0_1754932117 - time/wallclock_per_1k_steps__MAX"
"1000","27","27","27","19.897451","19.897451","19.897451","27","27","27","19.612455","19.612455","19.612455","27","27","27","17.22581","17.22581","17.22581","27","27","27","19.470982","19.470982","19.470982","27","27","27","19.468342","19.468342","19.468342","27","27","27","19.766453","19.766453","19.766453","27","27","27","18.870892","18.870892","18.870892","27","27","27","19.006668","19.006668","19.006668","27","27","27","19.518131","19.518131","19.518131","27","27","27","19.699184","19.699184","19.699184"
"2000","56","56","56","19.55206","19.55206","19.55206","56","56","56","19.478111","19.478111","19.478111","56","56","56","20.09007","20.09007","20.09007","56","56","56","18.661682","18.661682","18.661682","56","56","56","19.713211","19.713211","19.713211","56","56","56","19.204855","19.204855","19.204855","56","56","56","16.098124","16.098124","16.098124","56","56","56","18.716822","18.716822","18.716822","56","56","56","16.804201","16.804201","16.804201","56","56","56","19.314161","19.314161","19.314161"
"3000","249","249","249","24.845547","24.845547","24.845547","249","249","249","23.872694","23.872694","23.872694","249","249","249","24.385864","24.385864","24.385864","249","249","249","24.5573","24.5573","24.5573","249","249","249","24.120476","24.120476","24.120476","249","249","249","28.804226","28.804226","28.804226","249","249","249","21.286776","21.286776","21.286776","249","249","249","23.469412","23.469412","23.469412","249","249","249","24.839375","24.839375","24.839375","249","249","249","24.896679","24.896679","24.896679"
"4000","442","442","442","23.085604","23.085604","23.085604","442","442","442","23.997265","23.997265","23.997265","442","442","442","23.87397","23.87397","23.87397","442","442","442","24.70252","24.70252","24.70252","442","442","442","25.016472","25.016472","25.016472","442","442","442","23.892555","23.892555","23.892555","442","442","442","23.651426","23.651426","23.651426","442","442","442","22.497087","22.497087","22.497087","442","442","442","23.579329","23.579329","23.579329","443","443","443","14.077104","14.077104","14.077104"
"5000","635","635","635","23.15741","23.15741","23.15741","635","635","635","23.978706","23.978706","23.978706","635","635","635","22.451742","22.451742","22.451742","635","635","635","24.312819","24.312819","24.312819","635","635","635","20.065073","20.065073","20.065073","635","635","635","24.512112","24.512112","24.512112","635","635","635","8.237507","8.237507","8.237507","635","635","635","8.970237","8.970237","8.970237","635","635","635","23.621117","23.621117","23.621117","636","636","636","8.747759","8.747759","8.747759"
"6000","828","828","828","23.086485","23.086485","23.086485","828","828","828","23.9653","23.9653","23.9653","828","828","828","23.960276","23.960276","23.960276","828","828","828","24.754803","24.754803","24.754803","828","828","828","24.761103","24.761103","24.761103","828","828","828","24.508759","24.508759","24.508759","828","828","828","14.538417","14.538417","14.538417","828","828","828","11.340703","11.340703","11.340703","828","828","828","23.640726","23.640726","23.640726","829","829","829","10.762823","10.762823","10.762823"
"7000","1021","1021","1021","23.180767","23.180767","23.180767","1021","1021","1021","24.289362","24.289362","24.289362","1021","1021","1021","24.097172","24.097172","24.097172","1021","1021","1021","25.073715","25.073715","25.073715","1021","1021","1021","24.654675","24.654675","24.654675","1022","1022","1022","24.151566","24.151566","24.151566","1021","1021","1021","16.657494","16.657494","16.657494","1021","1021","1021","10.116731","10.116731","10.116731","1021","1021","1021","23.609468","23.609468","23.609468","1022","1022","1022","8.166758","8.166758","8.166758"
"8000","1214","1214","1214","23.05864","23.05864","23.05864","1214","1214","1214","24.023956","24.023956","24.023956","1214","1214","1214","23.899708","23.899708","23.899708","1214","1214","1214","24.600473","24.600473","24.600473","1214","1214","1214","25.029888","25.029888","25.029888","1214","1214","1214","10.234345","10.234345","10.234345","1215","1215","1215","16.569338","16.569338","16.569338","1215","1215","1215","12.857416","12.857416","12.857416","1214","1214","1214","23.543556","23.543556","23.543556","1214","1214","1214","19.048004","19.048004","19.048004"
"9000","1407","1407","1407","22.37647","22.37647","22.37647","1407","1407","1407","24.003769","24.003769","24.003769","1407","1407","1407","23.771303","23.771303","23.771303","1407","1407","1407","24.80763","24.80763","24.80763","1407","1407","1407","24.251585","24.251585","24.251585","1408","1408","1408","20.03917","20.03917","20.03917","1407","1407","1407","13.37171","13.37171","13.37171","1408","1408","1408","8.274007","8.274007","8.274007","1407","1407","1407","23.667162","23.667162","23.667162","1407","1407","1407","16.39427","16.39427","16.39427"
"10000","1600","1600","1600","23.198164","23.198164","23.198164","1600","1600","1600","24.35826","24.35826","24.35826","1600","1600","1600","23.789999","23.789999","23.789999","1600","1600","1600","24.917238","24.917238","24.917238","1600","1600","1600","24.807123","24.807123","24.807123","1600","1600","1600","17.6336","17.6336","17.6336","1600","1600","1600","21.456388","21.456388","21.456388","1600","1600","1600","9.366615","9.366615","9.366615","1600","1600","1600","23.580421","23.580421","23.580421","1600","1600","1600","23.529953","23.529953","23.529953"
"11000","1793","1793","1793","23.039509","23.039509","23.039509","1793","1793","1793","24.274675","24.274675","24.274675","1793","1793","1793","24.003822","24.003822","24.003822","1793","1793","1793","24.597975","24.597975","24.597975","1793","1793","1793","23.934607","23.934607","23.934607","1794","1794","1794","17.80318","17.80318","17.80318","1793","1793","1793","23.534481","23.534481","23.534481","1794","1794","1794","15.663712","15.663712","15.663712","1793","1793","1793","23.582865","23.582865","23.582865","1793","1793","1793","23.593544","23.593544","23.593544"
"12000","1986","1986","1986","15.776537","15.776537","15.776537","1986","1986","1986","24.088375","24.088375","24.088375","1987","1987","1987","24.50665","24.50665","24.50665","1986","1986","1986","24.590034","24.590034","24.590034","1986","1986","1986","24.901384","24.901384","24.901384","1986","1986","1986","12.99312","12.99312","12.99312","1986","1986","1986","23.452225","23.452225","23.452225","1986","1986","1986","10.194815","10.194815","10.194815","1986","1986","1986","23.544739","23.544739","23.544739","1986","1986","1986","23.527243","23.527243","23.527243"
"13000","2179","2179","2179","23.123207","23.123207","23.123207","2179","2179","2179","24.217546","24.217546","24.217546","2179","2179","2179","10.05757","10.05757","10.05757","2179","2179","2179","24.047417","24.047417","24.047417","2179","2179","2179","24.246252","24.246252","24.246252","2179","2179","2179","19.471474","19.471474","19.471474","2179","2179","2179","23.50584","23.50584","23.50584","2179","2179","2179","18.638748","18.638748","18.638748","2179","2179","2179","23.51289","23.51289","23.51289","2179","2179","2179","23.350773","23.350773","23.350773"
"14000","2372","2372","2372","23.055212","23.055212","23.055212","2372","2372","2372","23.894575","23.894575","23.894575","2373","2373","2373","24.322338","24.322338","24.322338","2372","2372","2372","24.656878","24.656878","24.656878","2372","2372","2372","24.742775","24.742775","24.742775","2372","2372","2372","24.30639","24.30639","24.30639","2372","2372","2372","23.488415","23.488415","23.488415","2372","2372","2372","15.5072155","15.5072155","15.5072155","2372","2372","2372","23.508648","23.508648","23.508648","2372","2372","2372","23.54855","23.54855","23.54855"
"15000","2565","2565","2565","23.067606","23.067606","23.067606","2565","2565","2565","24.219501","24.219501","24.219501","2565","2565","2565","20.158854","20.158854","20.158854","2565","2565","2565","24.031258","24.031258","24.031258","2565","2565","2565","24.547342","24.547342","24.547342","2565","2565","2565","16.470322","16.470322","16.470322","2565","2565","2565","11.713829","11.713829","11.713829","2565","2565","2565","13.157511","13.157511","13.157511","2565","2565","2565","23.695168","23.695168","23.695168","2565","2565","2565","23.355015","23.355015","23.355015"
"16000","2758","2758","2758","23.042133","23.042133","23.042133","2758","2758","2758","23.819576","23.819576","23.819576","2758","2758","2758","23.895409","23.895409","23.895409","2758","2758","2758","24.465876","24.465876","24.465876","2758","2758","2758","24.903627","24.903627","24.903627","2758","2758","2758","15.558966","15.558966","15.558966","2758","2758","2758","23.507013","23.507013","23.507013","2758","2758","2758","23.569342","23.569342","23.569342","2758","2758","2758","23.710732","23.710732","23.710732","2758","2758","2758","23.51291","23.51291","23.51291"
"17000","2951","2951","2951","17.485876","17.485876","17.485876","2951","2951","2951","24.12193","24.12193","24.12193","2952","2952","2952","23.908815","23.908815","23.908815","2951","2951","2951","25.15295","25.15295","25.15295","2951","2951","2951","24.463425","24.463425","24.463425","2951","2951","2951","24.097748","24.097748","24.097748","2951","2951","2951","17.21901","17.21901","17.21901","2951","2951","2951","14.582745","14.582745","14.582745","2951","2951","2951","23.460045","23.460045","23.460045","2951","2951","2951","23.336224","23.336224","23.336224"
"18000","3144","3144","3144","23.261889","23.261889","23.261889","3144","3144","3144","23.916515","23.916515","23.916515","3144","3144","3144","9.601209","9.601209","9.601209","3144","3144","3144","23.916168","23.916168","23.916168","3144","3144","3144","24.900053","24.900053","24.900053","3144","3144","3144","20.919857","20.919857","20.919857","3145","3145","3145","19.816025","19.816025","19.816025","3144","3144","3144","22.720182","22.720182","22.720182","3144","3144","3144","23.548912","23.548912","23.548912","3144","3144","3144","23.485218","23.485218","23.485218"
"19000","3337","3337","3337","23.05771","23.05771","23.05771","3337","3337","3337","24.308119","24.308119","24.308119","3337","3337","3337","23.88052","23.88052","23.88052","3337","3337","3337","23.96883","23.96883","23.96883","3337","3337","3337","24.678205","24.678205","24.678205","3337","3337","3337","24.279427","24.279427","24.279427","3338","3338","3338","14.323056","14.323056","14.323056","3337","3337","3337","19.809826","19.809826","19.809826","3337","3337","3337","23.516272","23.516272","23.516272","3337","3337","3337","23.425022","23.425022","23.425022"
"20000","3530","3530","3530","23.217024","23.217024","23.217024","3530","3530","3530","24.049994","24.049994","24.049994","3530","3530","3530","22.864933","22.864933","22.864933","3530","3530","3530","23.990498","23.990498","23.990498","3530","3530","3530","25.554062","25.554062","25.554062","3530","3530","3530","24.46746","24.46746","24.46746","3531","3531","3531","11.659227","11.659227","11.659227","3530","3530","3530","23.403587","23.403587","23.403587","3530","3530","3530","23.555387","23.555387","23.555387","3530","3530","3530","23.477987","23.477987","23.477987"