"global_step","MountainCarContinuous-v0_mpc_s4_1754939755 - _step","MountainCarContinuous-v0_mpc_s4_1754939755 - _step__MIN","MountainCarContinuous-v0_mpc_s4_1754939755 - _step__MAX","MountainCarContinuous-v0_mpc_s4_1754939755 - eval/mean_reward","MountainCarContinuous-v0_mpc_s4_1754939755 - eval/mean_reward__MIN","MountainCarContinuous-v0_mpc_s4_1754939755 - eval/mean_reward__MAX","MountainCarContinuous-v0_mpc_s9_1754939128 - _step","MountainCarContinuous-v0_mpc_s9_1754939128 - _step__MIN","MountainCarContinuous-v0_mpc_s9_1754939128 - _step__MAX","MountainCarContinuous-v0_mpc_s9_1754939128 - eval/mean_reward","MountainCarContinuous-v0_mpc_s9_1754939128 - eval/mean_reward__MIN","MountainCarContinuous-v0_mpc_s9_1754939128 - eval/mean_reward__MAX","MountainCarContinuous-v0_mpc_s8_1754938677 - _step","MountainCarContinuous-v0_mpc_s8_1754938677 - _step__MIN","MountainCarContinuous-v0_mpc_s8_1754938677 - _step__MAX","MountainCarContinuous-v0_mpc_s8_1754938677 - eval/mean_reward","MountainCarContinuous-v0_mpc_s8_1754938677 - eval/mean_reward__MIN","MountainCarContinuous-v0_mpc_s8_1754938677 - eval/mean_reward__MAX","MountainCarContinuous-v0_mpc_s7_1754938137 - _step","MountainCarContinuous-v0_mpc_s7_1754938137 - _step__MIN","MountainCarContinuous-v0_mpc_s7_1754938137 - _step__MAX","MountainCarContinuous-v0_mpc_s7_1754938137 - eval/mean_reward","MountainCarContinuous-v0_mpc_s7_1754938137 - eval/mean_reward__MIN","MountainCarContinuous-v0_mpc_s7_1754938137 - eval/mean_reward__MAX","MountainCarContinuous-v0_mpc_s6_1754937590 - _step","MountainCarContinuous-v0_mpc_s6_1754937590 - _step__MIN","MountainCarContinuous-v0_mpc_s6_1754937590 - _step__MAX","MountainCarContinuous-v0_mpc_s6_1754937590 - eval/mean_reward","MountainCarContinuous-v0_mpc_s6_1754937590 - eval/mean_reward__MIN","MountainCarContinuous-v0_mpc_s6_1754937590 - eval/mean_reward__MAX","MountainCarContinuous-v0_mpc_s5_1754937070 - _step","MountainCarContinuous-v0_mpc_s5_1754937070 - _step__MIN","MountainCarContinuous-v0_mpc_s5_1754937070 - _step__MAX","MountainCarContinuous-v0_mpc_s5_1754937070 - eval/mean_reward","MountainCarContinuous-v0_mpc_s5_1754937070 - eval/mean_reward__MIN","MountainCarContinuous-v0_mpc_s5_1754937070 - eval/mean_reward__MAX","MountainCarContinuous-v0_mpc_s3_1754933676 - _step","MountainCarContinuous-v0_mpc_s3_1754933676 - _step__MIN","MountainCarContinuous-v0_mpc_s3_1754933676 - _step__MAX","MountainCarContinuous-v0_mpc_s3_1754933676 - eval/mean_reward","MountainCarContinuous-v0_mpc_s3_1754933676 - eval/mean_reward__MIN","MountainCarContinuous-v0_mpc_s3_1754933676 - eval/mean_reward__MAX","MountainCarContinuous-v0_mpc_s2_1754933238 - _step","MountainCarContinuous-v0_mpc_s2_1754933238 - _step__MIN","MountainCarContinuous-v0_mpc_s2_1754933238 - _step__MAX","MountainCarContinuous-v0_mpc_s2_1754933238 - eval/mean_reward","MountainCarContinuous-v0_mpc_s2_1754933238 - eval/mean_reward__MIN","MountainCarContinuous-v0_mpc_s2_1754933238 - eval/mean_reward__MAX","MountainCarContinuous-v0_mpc_s1_1754932711 - _step","MountainCarContinuous-v0_mpc_s1_1754932711 - _step__MIN","MountainCarContinuous-v0_mpc_s1_1754932711 - _step__MAX","MountainCarContinuous-v0_mpc_s1_1754932711 - eval/mean_reward","MountainCarContinuous-v0_mpc_s1_1754932711 - eval/mean_reward__MIN","MountainCarContinuous-v0_mpc_s1_1754932711 - eval/mean_reward__MAX","MountainCarContinuous-v0_mpc_s0_1754932117 - _step","MountainCarContinuous-v0_mpc_s0_1754932117 - _step__MIN","MountainCarContinuous-v0_mpc_s0_1754932117 - _step__MAX","MountainCarContinuous-v0_mpc_s0_1754932117 - eval/mean_reward","MountainCarContinuous-v0_mpc_s0_1754932117 - eval/mean_reward__MIN","MountainCarContinuous-v0_mpc_s0_1754932117 - eval/mean_reward__MAX"
"1","8","8","8","-77.011215","-77.011215","-77.011215","8","8","8","-52.725594","-52.725594","-52.725594","8","8","8","9.145533","9.145533","9.145533","8","8","8","-41.425907","-41.425907","-41.425907","8","8","8","-5.1443863","-5.1443863","-5.1443863","8","8","8","-85.698715","-85.698715","-85.698715","8","8","8","-70.05045","-70.05045","-70.05045","8","8","8","-50.277092","-50.277092","-50.277092","8","8","8","-65.5724","-65.5724","-65.5724","8","8","8","-57.740852","-57.740852","-57.740852"
"1001","31","31","31","-78.91535","-78.91535","-78.91535","31","31","31","-52.910263","-52.910263","-52.910263","31","31","31","2.4132247","2.4132247","2.4132247","31","31","31","-8.1615095","-8.1615095","-8.1615095","31","31","31","-5.592711","-5.592711","-5.592711","31","31","31","-85.990585","-85.990585","-85.990585","31","31","31","-25.977205","-25.977205","-25.977205","31","31","31","-50.930542","-50.930542","-50.930542","31","31","31","-23.72228","-23.72228","-23.72228","31","31","31","-56.75356","-56.75356","-56.75356"
"2001","61","61","61","-58.39206","-58.39206","-58.39206","61","61","61","-47.039356","-47.039356","-47.039356","61","61","61","-76.48974","-76.48974","-76.48974","61","61","61","-60.751953","-60.751953","-60.751953","61","61","61","-19.08667","-19.08667","-19.08667","61","61","61","-89.79503","-89.79503","-89.79503","61","61","61","-25.75991","-25.75991","-25.75991","61","61","61","-72.829025","-72.829025","-72.829025","61","61","61","-57.528454","-57.528454","-57.528454","61","61","61","-31.64253","-31.64253","-31.64253"
"3001","254","254","254","-33.24196","-33.24196","-33.24196","254","254","254","-21.07215","-21.07215","-21.07215","254","254","254","-72.81164","-72.81164","-72.81164","254","254","254","-45.84606","-45.84606","-45.84606","254","254","254","-44.939724","-44.939724","-44.939724","254","254","254","-65.85378","-65.85378","-65.85378","254","254","254","-67.8507","-67.8507","-67.8507","254","254","254","-24.43463","-24.43463","-24.43463","254","254","254","-46.27016","-46.27016","-46.27016","254","254","254","64.122055","64.122055","64.122055"
"4001","447","447","447","-59.652332","-59.652332","-59.652332","447","447","447","-28.511028","-28.511028","-28.511028","447","447","447","-39.54352","-39.54352","-39.54352","447","447","447","-72.26719","-72.26719","-72.26719","447","447","447","54.730286","54.730286","54.730286","447","447","447","-57.5412","-57.5412","-57.5412","447","447","447","87.138695","87.138695","87.138695","447","447","447","87.16847","87.16847","87.16847","447","447","447","-33.42137","-33.42137","-33.42137","447","447","447","86.34196","86.34196","86.34196"
"5001","640","640","640","-64.857506","-64.857506","-64.857506","640","640","640","-55.270103","-55.270103","-55.270103","640","640","640","-76.58194","-76.58194","-76.58194","640","640","640","-63.24133","-63.24133","-63.24133","640","640","640","-27.77883","-27.77883","-27.77883","640","640","640","-69.334915","-69.334915","-69.334915","640","640","640","65.14538","65.14538","65.14538","640","640","640","77.308754","77.308754","77.308754","640","640","640","-42.426434","-42.426434","-42.426434","640","640","640","85.08375","85.08375","85.08375"
"6001","833","833","833","-75.59686","-75.59686","-75.59686","833","833","833","-46.472347","-46.472347","-46.472347","833","833","833","-69.02759","-69.02759","-69.02759","833","833","833","-59.11773","-59.11773","-59.11773","833","833","833","-38.219894","-38.219894","-38.219894","833","833","833","-81.32493","-81.32493","-81.32493","833","833","833","25.615229","25.615229","25.615229","833","833","833","85.29885","85.29885","85.29885","833","833","833","-59.267162","-59.267162","-59.267162","833","833","833","89.20457","89.20457","89.20457"
"7001","1026","1026","1026","-61.939972","-61.939972","-61.939972","1026","1026","1026","-33.688065","-33.688065","-33.688065","1026","1026","1026","-72.59454","-72.59454","-72.59454","1026","1026","1026","-66.288826","-66.288826","-66.288826","1026","1026","1026","-26.408148","-26.408148","-26.408148","1026","1026","1026","87.95446","87.95446","87.95446","1026","1026","1026","65.54159","65.54159","65.54159","1026","1026","1026","66.69621","66.69621","66.69621","1026","1026","1026","-51.01084","-51.01084","-51.01084","1026","1026","1026","21.638292","21.638292","21.638292"
"8001","1219","1219","1219","2.4201005","2.4201005","2.4201005","1219","1219","1219","-49.633476","-49.633476","-49.633476","1219","1219","1219","-33.158726","-33.158726","-33.158726","1219","1219","1219","-74.490555","-74.490555","-74.490555","1219","1219","1219","-47.37569","-47.37569","-47.37569","1219","1219","1219","19.842796","19.842796","19.842796","1219","1219","1219","69.65362","69.65362","69.65362","1219","1219","1219","87.547714","87.547714","87.547714","1219","1219","1219","-49.280415","-49.280415","-49.280415","1219","1219","1219","33.56707","33.56707","33.56707"
"9001","1412","1412","1412","-72.622055","-72.622055","-72.622055","1412","1412","1412","-47.196693","-47.196693","-47.196693","1412","1412","1412","-74.846634","-74.846634","-74.846634","1412","1412","1412","-71.49691","-71.49691","-71.49691","1412","1412","1412","-62.218243","-62.218243","-62.218243","1412","1412","1412","77.18312","77.18312","77.18312","1412","1412","1412","6.1484365","6.1484365","6.1484365","1412","1412","1412","89.75608","89.75608","89.75608","1412","1412","1412","-41.520863","-41.520863","-41.520863","1412","1412","1412","-75.452835","-75.452835","-75.452835"
"10001","1605","1605","1605","-78.461395","-78.461395","-78.461395","1605","1605","1605","-12.926644","-12.926644","-12.926644","1605","1605","1605","-75.663124","-75.663124","-75.663124","1605","1605","1605","-76.22677","-76.22677","-76.22677","1605","1605","1605","-50.31636","-50.31636","-50.31636","1605","1605","1605","28.213247","28.213247","28.213247","1605","1605","1605","-68.25472","-68.25472","-68.25472","1605","1605","1605","58.899757","58.899757","58.899757","1605","1605","1605","-33.684834","-33.684834","-33.684834","1605","1605","1605","-68.881454","-68.881454","-68.881454"
"11001","1798","1798","1798","60.938114","60.938114","60.938114","1798","1798","1798","-47.11031","-47.11031","-47.11031","1798","1798","1798","-68.15389","-68.15389","-68.15389","1798","1798","1798","-67.94183","-67.94183","-67.94183","1798","1798","1798","-50.46573","-50.46573","-50.46573","1798","1798","1798","80.7345","80.7345","80.7345","1798","1798","1798","-50.652027","-50.652027","-50.652027","1798","1798","1798","86.36588","86.36588","86.36588","1798","1798","1798","-41.317493","-41.317493","-41.317493","1798","1798","1798","-62.975887","-62.975887","-62.975887"
"12001","1991","1991","1991","-85.652855","-85.652855","-85.652855","1991","1991","1991","-31.849266","-31.849266","-31.849266","1991","1991","1991","86.656425","86.656425","86.656425","1991","1991","1991","-77.23081","-77.23081","-77.23081","1991","1991","1991","-67.14914","-67.14914","-67.14914","1991","1991","1991","25.962402","25.962402","25.962402","1991","1991","1991","-64.57221","-64.57221","-64.57221","1991","1991","1991","33.0046","33.0046","33.0046","1991","1991","1991","-66.22364","-66.22364","-66.22364","1991","1991","1991","-19.975586","-19.975586","-19.975586"
"13001","2184","2184","2184","-68.161","-68.161","-68.161","2184","2184","2184","-58.28416","-58.28416","-58.28416","2184","2184","2184","-80.056145","-80.056145","-80.056145","2184","2184","2184","-53.853813","-53.853813","-53.853813","2184","2184","2184","-57.737694","-57.737694","-57.737694","2184","2184","2184","-75.665924","-75.665924","-75.665924","2184","2184","2184","-73.72913","-73.72913","-73.72913","2184","2184","2184","65.84069","65.84069","65.84069","2184","2184","2184","-28.168032","-28.168032","-28.168032","2184","2184","2184","-53.60468","-53.60468","-53.60468"
"14001","2377","2377","2377","-68.1131","-68.1131","-68.1131","2377","2377","2377","-25.07493","-25.07493","-25.07493","2377","2377","2377","-13.28818","-13.28818","-13.28818","2377","2377","2377","-62.88438","-62.88438","-62.88438","2377","2377","2377","-65.90585","-65.90585","-65.90585","2377","2377","2377","82.110115","82.110115","82.110115","2377","2377","2377","77.26561","77.26561","77.26561","2377","2377","2377","86.71833","86.71833","86.71833","2377","2377","2377","-50.633995","-50.633995","-50.633995","2377","2377","2377","-62.396038","-62.396038","-62.396038"
"15001","2570","2570","2570","-69.25048","-69.25048","-69.25048","2570","2570","2570","-58.956825","-58.956825","-58.956825","2570","2570","2570","-76.385025","-76.385025","-76.385025","2570","2570","2570","-69.42034","-69.42034","-69.42034","2570","2570","2570","-30.429937","-30.429937","-30.429937","2570","2570","2570","69.04721","69.04721","69.04721","2570","2570","2570","-69.983635","-69.983635","-69.983635","2570","2570","2570","-74.81098","-74.81098","-74.81098","2570","2570","2570","-61.61824","-61.61824","-61.61824","2570","2570","2570","-68.107544","-68.107544","-68.107544"
"16001","2763","2763","2763","64.49378","64.49378","64.49378","2763","2763","2763","-67.62404","-67.62404","-67.62404","2763","2763","2763","-66.12332","-66.12332","-66.12332","2763","2763","2763","-63.13351","-63.13351","-63.13351","2763","2763","2763","-55.87865","-55.87865","-55.87865","2763","2763","2763","-47.016083","-47.016083","-47.016083","2763","2763","2763","38.53005","38.53005","38.53005","2763","2763","2763","63.010124","63.010124","63.010124","2763","2763","2763","-57.326015","-57.326015","-57.326015","2763","2763","2763","-68.9256","-68.9256","-68.9256"
"17001","2956","2956","2956","-52.846977","-52.846977","-52.846977","2956","2956","2956","-68.2256","-68.2256","-68.2256","2956","2956","2956","86.248215","86.248215","86.248215","2956","2956","2956","-58.04908","-58.04908","-58.04908","2956","2956","2956","-56.15114","-56.15114","-56.15114","2956","2956","2956","44.957478","44.957478","44.957478","2956","2956","2956","-17.041506","-17.041506","-17.041506","2956","2956","2956","-23.558815","-23.558815","-23.558815","2956","2956","2956","-38.525406","-38.525406","-38.525406","2956","2956","2956","-68.16719","-68.16719","-68.16719"
"18001","3149","3149","3149","-58.671574","-58.671574","-58.671574","3149","3149","3149","-44.997936","-44.997936","-44.997936","3149","3149","3149","-56.34493","-56.34493","-56.34493","3149","3149","3149","-52.416435","-52.416435","-52.416435","3149","3149","3149","-59.876125","-59.876125","-59.876125","3149","3149","3149","-45.858585","-45.858585","-45.858585","3149","3149","3149","75.00335","75.00335","75.00335","3149","3149","3149","-19.909163","-19.909163","-19.909163","3149","3149","3149","-37.56871","-37.56871","-37.56871","3149","3149","3149","-45.918987","-45.918987","-45.918987"
"19001","3342","3342","3342","-48.24977","-48.24977","-48.24977","3342","3342","3342","-67.63135","-67.63135","-67.63135","3342","3342","3342","14.110033","14.110033","14.110033","3342","3342","3342","-38.696877","-38.696877","-38.696877","3342","3342","3342","-63.511616","-63.511616","-63.511616","3342","3342","3342","-70.80694","-70.80694","-70.80694","3342","3342","3342","80.330864","80.330864","80.330864","3342","3342","3342","-70.446335","-70.446335","-70.446335","3342","3342","3342","-48.090977","-48.090977","-48.090977","3342","3342","3342","-60.726357","-60.726357","-60.726357"
"20000","3535","3535","3535","-60.436768","-60.436768","-60.436768","3535","3535","3535","-47.93508","-47.93508","-47.93508","3535","3535","3535","87.89469","87.89469","87.89469","3535","3535","3535","-14.535313","-14.535313","-14.535313","3535","3535","3535","-66.00532","-66.00532","-66.00532","3535","3535","3535","-57.014164","-57.014164","-57.014164","3535","3535","3535","83.534996","83.534996","83.534996","3535","3535","3535","-65.72391","-65.72391","-65.72391","3535","3535","3535","-54.405052","-54.405052","-54.405052","3535","3535","3535","-60.830845","-60.830845","-60.830845"