"global_step","MountainCarContinuous-v0_ppo_s9_1754848049 - _step","MountainCarContinuous-v0_ppo_s9_1754848049 - _step__MIN","MountainCarContinuous-v0_ppo_s9_1754848049 - _step__MAX","MountainCarContinuous-v0_ppo_s9_1754848049 - time/wallclock_per_1k_steps","MountainCarContinuous-v0_ppo_s9_1754848049 - time/wallclock_per_1k_steps__MIN","MountainCarContinuous-v0_ppo_s9_1754848049 - time/wallclock_per_1k_steps__MAX","MountainCarContinuous-v0_ppo_s8_1754847947 - _step","MountainCarContinuous-v0_ppo_s8_1754847947 - _step__MIN","MountainCarContinuous-v0_ppo_s8_1754847947 - _step__MAX","MountainCarContinuous-v0_ppo_s8_1754847947 - time/wallclock_per_1k_steps","MountainCarContinuous-v0_ppo_s8_1754847947 - time/wallclock_per_1k_steps__MIN","MountainCarContinuous-v0_ppo_s8_1754847947 - time/wallclock_per_1k_steps__MAX","MountainCarContinuous-v0_ppo_s7_1754847899 - _step","MountainCarContinuous-v0_ppo_s7_1754847899 - _step__MIN","MountainCarContinuous-v0_ppo_s7_1754847899 - _step__MAX","MountainCarContinuous-v0_ppo_s7_1754847899 - time/wallclock_per_1k_steps","MountainCarContinuous-v0_ppo_s7_1754847899 - time/wallclock_per_1k_steps__MIN","MountainCarContinuous-v0_ppo_s7_1754847899 - time/wallclock_per_1k_steps__MAX","MountainCarContinuous-v0_ppo_s6_1754847852 - _step","MountainCarContinuous-v0_ppo_s6_1754847852 - _step__MIN","MountainCarContinuous-v0_ppo_s6_1754847852 - _step__MAX","MountainCarContinuous-v0_ppo_s6_1754847852 - time/wallclock_per_1k_steps","MountainCarContinuous-v0_ppo_s6_1754847852 - time/wallclock_per_1k_steps__MIN","MountainCarContinuous-v0_ppo_s6_1754847852 - time/wallclock_per_1k_steps__MAX","MountainCarContinuous-v0_ppo_s5_1754847794 - _step","MountainCarContinuous-v0_ppo_s5_1754847794 - _step__MIN","MountainCarContinuous-v0_ppo_s5_1754847794 - _step__MAX","MountainCarContinuous-v0_ppo_s5_1754847794 - time/wallclock_per_1k_steps","MountainCarContinuous-v0_ppo_s5_1754847794 - time/wallclock_per_1k_steps__MIN","MountainCarContinuous-v0_ppo_s5_1754847794 - time/wallclock_per_1k_steps__MAX","MountainCarContinuous-v0_ppo_s4_1754847713 - _step","MountainCarContinuous-v0_ppo_s4_1754847713 - _step__MIN","MountainCarContinuous-v0_ppo_s4_1754847713 - _step__MAX","MountainCarContinuous-v0_ppo_s4_1754847713 - time/wallclock_per_1k_steps","MountainCarContinuous-v0_ppo_s4_1754847713 - time/wallclock_per_1k_steps__MIN","MountainCarContinuous-v0_ppo_s4_1754847713 - time/wallclock_per_1k_steps__MAX","MountainCarContinuous-v0_ppo_s3_1754847665 - _step","MountainCarContinuous-v0_ppo_s3_1754847665 - _step__MIN","MountainCarContinuous-v0_ppo_s3_1754847665 - _step__MAX","MountainCarContinuous-v0_ppo_s3_1754847665 - time/wallclock_per_1k_steps","MountainCarContinuous-v0_ppo_s3_1754847665 - time/wallclock_per_1k_steps__MIN","MountainCarContinuous-v0_ppo_s3_1754847665 - time/wallclock_per_1k_steps__MAX","MountainCarContinuous-v0_ppo_s2_1754847606 - _step","MountainCarContinuous-v0_ppo_s2_1754847606 - _step__MIN","MountainCarContinuous-v0_ppo_s2_1754847606 - _step__MAX","MountainCarContinuous-v0_ppo_s2_1754847606 - time/wallclock_per_1k_steps","MountainCarContinuous-v0_ppo_s2_1754847606 - time/wallclock_per_1k_steps__MIN","MountainCarContinuous-v0_ppo_s2_1754847606 - time/wallclock_per_1k_steps__MAX","MountainCarContinuous-v0_ppo_s1_1754847526 - _step","MountainCarContinuous-v0_ppo_s1_1754847526 - _step__MIN","MountainCarContinuous-v0_ppo_s1_1754847526 - _step__MAX","MountainCarContinuous-v0_ppo_s1_1754847526 - time/wallclock_per_1k_steps","MountainCarContinuous-v0_ppo_s1_1754847526 - time/wallclock_per_1k_steps__MIN","MountainCarContinuous-v0_ppo_s1_1754847526 - time/wallclock_per_1k_steps__MAX","MountainCarContinuous-v0_ppo_s0_1754847440 - _step","MountainCarContinuous-v0_ppo_s0_1754847440 - _step__MIN","MountainCarContinuous-v0_ppo_s0_1754847440 - _step__MAX","MountainCarContinuous-v0_ppo_s0_1754847440 - time/wallclock_per_1k_steps","MountainCarContinuous-v0_ppo_s0_1754847440 - time/wallclock_per_1k_steps__MIN","MountainCarContinuous-v0_ppo_s0_1754847440 - time/wallclock_per_1k_steps__MAX"
"1024","7","7","7","4.8569613","4.8569613","4.8569613","9","9","9","4.8630743","4.8630743","4.8630743","9","9","9","4.8502283","4.8502283","4.8502283","9","9","9","4.8004866","4.8004866","4.8004866","9","9","9","4.889397","4.889397","4.889397","9","9","9","4.8328056","4.8328056","4.8328056","9","9","9","4.8769326","4.8769326","4.8769326","9","9","9","4.766707","4.766707","4.766707","7","7","7","4.8308516","4.8308516","4.8308516","7","7","7","5.0306673","5.0306673","5.0306673"
"2048","16","16","16","6.2996683","6.2996683","6.2996683","18","18","18","6.363494","6.363494","6.363494","18","18","18","6.291301","6.291301","6.291301","18","18","18","6.2562947","6.2562947","6.2562947","18","18","18","6.2949243","6.2949243","6.2949243","18","18","18","6.6301985","6.6301985","6.6301985","18","18","18","6.2328787","6.2328787","6.2328787","18","18","18","6.31838","6.31838","6.31838","16","16","16","6.251001","6.251001","6.251001","16","16","16","6.547702","6.547702","6.547702"
"3072","36","36","36","5.0999923","5.0999923","5.0999923","38","38","38","5.062104","5.062104","5.062104","38","38","38","3.8602822","3.8602822","3.8602822","39","39","39","3.257397","3.257397","3.257397","38","38","38","4.519778","4.519778","4.519778","38","38","38","4.901779","4.901779","4.901779","39","39","39","2.8023973","2.8023973","2.8023973","38","38","38","4.985711","4.985711","4.985711","36","36","36","4.9533253","4.9533253","4.9533253","36","36","36","4.9648895","4.9648895","4.9648895"
"4096","56","56","56","5.0799665","5.0799665","5.0799665","58","58","58","4.97398","4.97398","4.97398","58","58","58","2.0212877","2.0212877","2.0212877","59","59","59","2.0549402","2.0549402","2.0549402","58","58","58","5.051421","5.051421","5.051421","58","58","58","5.0683193","5.0683193","5.0683193","59","59","59","1.8920364","1.8920364","1.8920364","58","58","58","4.9761486","4.9761486","4.9761486","56","56","56","4.9408193","4.9408193","4.9408193","56","56","56","4.981349","4.981349","4.981349"
"5120","77","77","77","9.413773","9.413773","9.413773","79","79","79","9.317449","9.317449","9.317449","79","79","79","2.4107456","2.4107456","2.4107456","79","79","79","2.228912","2.228912","2.228912","79","79","79","5.2903037","5.2903037","5.2903037","79","79","79","9.310937","9.310937","9.310937","79","79","79","3.0731094","3.0731094","3.0731094","79","79","79","4.5767508","4.5767508","4.5767508","77","77","77","9.189803","9.189803","9.189803","77","77","77","9.296818","9.296818","9.296818"
"6144","97","97","97","6.256077","6.256077","6.256077","99","99","99","6.186861","6.186861","6.186861","99","99","99","2.0712895","2.0712895","2.0712895","99","99","99","1.7985127","1.7985127","1.7985127","99","99","99","3.087096","3.087096","3.087096","99","99","99","6.329692","6.329692","6.329692","99","99","99","2.0072737","2.0072737","2.0072737","99","99","99","3.2527397","3.2527397","3.2527397","97","97","97","6.116311","6.116311","6.116311","97","97","97","6.238501","6.238501","6.238501"
"7168","117","117","117","3.9680965","3.9680965","3.9680965","119","119","119","5.012354","5.012354","5.012354","119","119","119","1.6582212","1.6582212","1.6582212","119","119","119","1.2837398","1.2837398","1.2837398","119","119","119","1.8649983","1.8649983","1.8649983","119","119","119","5.045251","5.045251","5.045251","119","119","119","1.563277","1.563277","1.563277","119","119","119","2.1426415","2.1426415","2.1426415","117","117","117","4.991149","4.991149","4.991149","117","117","117","5.014593","5.014593","5.014593"
"8192","137","137","137","2.2650995","2.2650995","2.2650995","139","139","139","4.983178","4.983178","4.983178","139","139","139","1.3329542","1.3329542","1.3329542","139","139","139","1.1763265","1.1763265","1.1763265","139","139","139","1.3883805","1.3883805","1.3883805","139","139","139","5.011713","5.011713","5.011713","139","139","139","1.3830707","1.3830707","1.3830707","139","139","139","1.886483","1.886483","1.886483","137","137","137","5.003855","5.003855","5.003855","137","137","137","5.052259","5.052259","5.052259"
"9216","157","157","157","1.349199","1.349199","1.349199","159","159","159","4.948284","4.948284","4.948284","159","159","159","1.1683738","1.1683738","1.1683738","159","159","159","1.2273083","1.2273083","1.2273083","159","159","159","1.328063","1.328063","1.328063","159","159","159","5.0138173","5.0138173","5.0138173","159","159","159","1.3260612","1.3260612","1.3260612","159","159","159","1.9315548","1.9315548","1.9315548","157","157","157","5.068489","5.068489","5.068489","157","157","157","4.972008","4.972008","4.972008"
"10240","177","177","177","1.1002738","1.1002738","1.1002738","179","179","179","5.003639","5.003639","5.003639","179","179","179","1.1839342","1.1839342","1.1839342","179","179","179","1.2141337","1.2141337","1.2141337","179","179","179","1.1170332","1.1170332","1.1170332","179","179","179","5.012988","5.012988","5.012988","179","179","179","1.1874654","1.1874654","1.1874654","179","179","179","1.3813658","1.3813658","1.3813658","177","177","177","5.065851","5.065851","5.065851","177","177","177","2.951189","2.951189","2.951189"
"11264","197","197","197","1.1749096","1.1749096","1.1749096","199","199","199","5.066304","5.066304","5.066304","199","199","199","1.1557856","1.1557856","1.1557856","199","199","199","1.1765788","1.1765788","1.1765788","199","199","199","1.3740165","1.3740165","1.3740165","199","199","199","1.8503156","1.8503156","1.8503156","199","199","199","1.303412","1.303412","1.303412","199","199","199","1.3315351","1.3315351","1.3315351","197","197","197","1.8067489","1.8067489","1.8067489","197","197","197","2.594656","2.594656","2.594656"
"12288","217","217","217","1.2127712","1.2127712","1.2127712","219","219","219","5.0126185","5.0126185","5.0126185","219","219","219","1.1452091","1.1452091","1.1452091","219","219","219","1.1260133","1.1260133","1.1260133","219","219","219","1.202764","1.202764","1.202764","219","219","219","2.000398","2.000398","2.000398","219","219","219","1.1404383","1.1404383","1.1404383","219","219","219","1.3176448","1.3176448","1.3176448","217","217","217","1.8948486","1.8948486","1.8948486","217","217","217","2.6464942","2.6464942","2.6464942"
"13312","237","237","237","1.0968192","1.0968192","1.0968192","239","239","239","5.049591","5.049591","5.049591","239","239","239","1.1210787","1.1210787","1.1210787","239","239","239","1.1656241","1.1656241","1.1656241","239","239","239","1.1983271","1.1983271","1.1983271","239","239","239","1.5287077","1.5287077","1.5287077","239","239","239","1.1306539","1.1306539","1.1306539","239","239","239","1.2545567","1.2545567","1.2545567","237","237","237","1.2713945","1.2713945","1.2713945","237","237","237","1.7407525","1.7407525","1.7407525"
"14336","257","257","257","1.160629","1.160629","1.160629","259","259","259","4.589843","4.589843","4.589843","259","259","259","1.1422017","1.1422017","1.1422017","259","259","259","1.1866605","1.1866605","1.1866605","259","259","259","1.2504902","1.2504902","1.2504902","259","259","259","1.5075386","1.5075386","1.5075386","259","259","259","1.2217238","1.2217238","1.2217238","259","259","259","1.2390041","1.2390041","1.2390041","257","257","257","1.1667519","1.1667519","1.1667519","257","257","257","1.8092749","1.8092749","1.8092749"
"15360","277","277","277","1.0960078","1.0960078","1.0960078","279","279","279","3.8035505","3.8035505","3.8035505","279","279","279","1.1407118","1.1407118","1.1407118","279","279","279","1.2028747","1.2028747","1.2028747","279","279","279","1.3272111","1.3272111","1.3272111","279","279","279","1.3242502","1.3242502","1.3242502","279","279","279","1.2699602","1.2699602","1.2699602","279","279","279","1.1937718","1.1937718","1.1937718","277","277","277","1.2317357","1.2317357","1.2317357","277","277","277","1.5035148","1.5035148","1.5035148"
"16384","297","297","297","1.0648181","1.0648181","1.0648181","299","299","299","2.6217763","2.6217763","2.6217763","299","299","299","1.1289442","1.1289442","1.1289442","299","299","299","1.1982777","1.1982777","1.1982777","299","299","299","1.2629786","1.2629786","1.2629786","299","299","299","1.3035719","1.3035719","1.3035719","299","299","299","1.1659358","1.1659358","1.1659358","299","299","299","1.1922755","1.1922755","1.1922755","297","297","297","1.2096353","1.2096353","1.2096353","297","297","297","1.4977486","1.4977486","1.4977486"
"17408","317","317","317","1.0904179","1.0904179","1.0904179","319","319","319","2.1043382","2.1043382","2.1043382","321","321","321","1.1089487","1.1089487","1.1089487","319","319","319","1.0960758","1.0960758","1.0960758","319","319","319","1.2558548","1.2558548","1.2558548","319","319","319","1.1415873","1.1415873","1.1415873","320","320","320","1.1655085","1.1655085","1.1655085","320","320","320","1.2092383","1.2092383","1.2092383","317","317","317","1.1508207","1.1508207","1.1508207","317","317","317","1.4330332","1.4330332","1.4330332"
"18432","339","339","339","1.0628164","1.0628164","1.0628164","339","339","339","1.9614785","1.9614785","1.9614785","341","341","341","1.1556263","1.1556263","1.1556263","341","341","341","1.1933603","1.1933603","1.1933603","341","341","341","1.2625318","1.2625318","1.2625318","339","339","339","1.228621","1.228621","1.228621","340","340","340","1.1960878","1.1960878","1.1960878","340","340","340","1.2258863","1.2258863","1.2258863","337","337","337","1.112237","1.112237","1.112237","339","339","339","1.6710048","1.6710048","1.6710048"
"19456","359","359","359","1.066797","1.066797","1.066797","359","359","359","1.6877053","1.6877053","1.6877053","361","361","361","1.1092613","1.1092613","1.1092613","361","361","361","1.2025468","1.2025468","1.2025468","361","361","361","1.2301071","1.2301071","1.2301071","361","361","361","1.1062407","1.1062407","1.1062407","360","360","360","1.1592131","1.1592131","1.1592131","360","360","360","1.2312675","1.2312675","1.2312675","357","357","357","1.1740541","1.1740541","1.1740541","359","359","359","1.3421781","1.3421781","1.3421781"
"20480","379","379","379","1.4596217","1.4596217","1.4596217","381","381","381","2.4355614","2.4355614","2.4355614","381","381","381","1.4658468","1.4658468","1.4658468","381","381","381","1.5992506","1.5992506","1.5992506","381","381","381","1.7749019","1.7749019","1.7749019","381","381","381","1.4801629","1.4801629","1.4801629","380","380","380","1.6540556","1.6540556","1.6540556","381","381","381","1.7270598","1.7270598","1.7270598","379","379","379","1.6703122","1.6703122","1.6703122","379","379","379","2.0266628","2.0266628","2.0266628"