"global_step","MountainCarContinuous-v0_ppo_s9_1754848049 - _step","MountainCarContinuous-v0_ppo_s9_1754848049 - _step__MIN","MountainCarContinuous-v0_ppo_s9_1754848049 - _step__MAX","MountainCarContinuous-v0_ppo_s9_1754848049 - eval/mean_reward","MountainCarContinuous-v0_ppo_s9_1754848049 - eval/mean_reward__MIN","MountainCarContinuous-v0_ppo_s9_1754848049 - eval/mean_reward__MAX","MountainCarContinuous-v0_ppo_s8_1754847947 - _step","MountainCarContinuous-v0_ppo_s8_1754847947 - _step__MIN","MountainCarContinuous-v0_ppo_s8_1754847947 - _step__MAX","MountainCarContinuous-v0_ppo_s8_1754847947 - eval/mean_reward","MountainCarContinuous-v0_ppo_s8_1754847947 - eval/mean_reward__MIN","MountainCarContinuous-v0_ppo_s8_1754847947 - eval/mean_reward__MAX","MountainCarContinuous-v0_ppo_s7_1754847899 - _step","MountainCarContinuous-v0_ppo_s7_1754847899 - _step__MIN","MountainCarContinuous-v0_ppo_s7_1754847899 - _step__MAX","MountainCarContinuous-v0_ppo_s7_1754847899 - eval/mean_reward","MountainCarContinuous-v0_ppo_s7_1754847899 - eval/mean_reward__MIN","MountainCarContinuous-v0_ppo_s7_1754847899 - eval/mean_reward__MAX","MountainCarContinuous-v0_ppo_s6_1754847852 - _step","MountainCarContinuous-v0_ppo_s6_1754847852 - _step__MIN","MountainCarContinuous-v0_ppo_s6_1754847852 - _step__MAX","MountainCarContinuous-v0_ppo_s6_1754847852 - eval/mean_reward","MountainCarContinuous-v0_ppo_s6_1754847852 - eval/mean_reward__MIN","MountainCarContinuous-v0_ppo_s6_1754847852 - eval/mean_reward__MAX","MountainCarContinuous-v0_ppo_s5_1754847794 - _step","MountainCarContinuous-v0_ppo_s5_1754847794 - _step__MIN","MountainCarContinuous-v0_ppo_s5_1754847794 - _step__MAX","MountainCarContinuous-v0_ppo_s5_1754847794 - eval/mean_reward","MountainCarContinuous-v0_ppo_s5_1754847794 - eval/mean_reward__MIN","MountainCarContinuous-v0_ppo_s5_1754847794 - eval/mean_reward__MAX","MountainCarContinuous-v0_ppo_s4_1754847713 - _step","MountainCarContinuous-v0_ppo_s4_1754847713 - _step__MIN","MountainCarContinuous-v0_ppo_s4_1754847713 - _step__MAX","MountainCarContinuous-v0_ppo_s4_1754847713 - eval/mean_reward","MountainCarContinuous-v0_ppo_s4_1754847713 - eval/mean_reward__MIN","MountainCarContinuous-v0_ppo_s4_1754847713 - eval/mean_reward__MAX","MountainCarContinuous-v0_ppo_s3_1754847665 - _step","MountainCarContinuous-v0_ppo_s3_1754847665 - _step__MIN","MountainCarContinuous-v0_ppo_s3_1754847665 - _step__MAX","MountainCarContinuous-v0_ppo_s3_1754847665 - eval/mean_reward","MountainCarContinuous-v0_ppo_s3_1754847665 - eval/mean_reward__MIN","MountainCarContinuous-v0_ppo_s3_1754847665 - eval/mean_reward__MAX","MountainCarContinuous-v0_ppo_s2_1754847606 - _step","MountainCarContinuous-v0_ppo_s2_1754847606 - _step__MIN","MountainCarContinuous-v0_ppo_s2_1754847606 - _step__MAX","MountainCarContinuous-v0_ppo_s2_1754847606 - eval/mean_reward","MountainCarContinuous-v0_ppo_s2_1754847606 - eval/mean_reward__MIN","MountainCarContinuous-v0_ppo_s2_1754847606 - eval/mean_reward__MAX","MountainCarContinuous-v0_ppo_s1_1754847526 - _step","MountainCarContinuous-v0_ppo_s1_1754847526 - _step__MIN","MountainCarContinuous-v0_ppo_s1_1754847526 - _step__MAX","MountainCarContinuous-v0_ppo_s1_1754847526 - eval/mean_reward","MountainCarContinuous-v0_ppo_s1_1754847526 - eval/mean_reward__MIN","MountainCarContinuous-v0_ppo_s1_1754847526 - eval/mean_reward__MAX","MountainCarContinuous-v0_ppo_s0_1754847440 - _step","MountainCarContinuous-v0_ppo_s0_1754847440 - _step__MIN","MountainCarContinuous-v0_ppo_s0_1754847440 - _step__MAX","MountainCarContinuous-v0_ppo_s0_1754847440 - eval/mean_reward","MountainCarContinuous-v0_ppo_s0_1754847440 - eval/mean_reward__MIN","MountainCarContinuous-v0_ppo_s0_1754847440 - eval/mean_reward__MAX"
"1024","3","3","3","-0.000025424002","-0.000025424002","-0.000025424002","3","3","3","-0.000019647528","-0.000019647528","-0.000019647528","3","3","3","-0.000010108929","-0.000010108929","-0.000010108929","3","3","3","-0.000004575575","-0.000004575575","-0.000004575575","3","3","3","-0.0000019970041","-0.0000019970041","-0.0000019970041","3","3","3","-0.000018962746","-0.000018962746","-0.000018962746","3","3","3","-0.000024436444","-0.000024436444","-0.000024436444","3","3","3","-0.0000027217486","-0.0000027217486","-0.0000027217486","3","3","3","-0.000012332993","-0.000012332993","-0.000012332993","3","3","3","-0.00003029929","-0.00003029929","-0.00003029929"
"2048","10","10","10","-0.01560069","-0.01560069","-0.01560069","12","12","12","-0.041642513","-0.041642513","-0.041642513","12","12","12","79.08399","79.08399","79.08399","12","12","12","98.67998","98.67998","98.67998","12","12","12","59.41389","59.41389","59.41389","12","12","12","-0.011484794","-0.011484794","-0.011484794","12","12","12","98.60385","98.60385","98.60385","12","12","12","-0.08818087","-0.08818087","-0.08818087","10","10","10","-0.02762006","-0.02762006","-0.02762006","10","10","10","-0.0514382","-0.0514382","-0.0514382"
"3072","30","30","30","-0.072698615","-0.072698615","-0.072698615","32","32","32","-0.03473783","-0.03473783","-0.03473783","32","32","32","97.82484","97.82484","97.82484","33","33","33","97.65561","97.65561","97.65561","32","32","32","-0.1990509","-0.1990509","-0.1990509","32","32","32","-0.01139123","-0.01139123","-0.01139123","33","33","33","97.088646","97.088646","97.088646","32","32","32","-0.14797425","-0.14797425","-0.14797425","30","30","30","-0.0072267703","-0.0072267703","-0.0072267703","30","30","30","-0.072432585","-0.072432585","-0.072432585"
"4096","50","50","50","-0.09590102","-0.09590102","-0.09590102","52","52","52","-0.34550208","-0.34550208","-0.34550208","52","52","52","95.70226","95.70226","95.70226","53","53","53","95.44228","95.44228","95.44228","52","52","52","79.35308","79.35308","79.35308","52","52","52","-0.0142013915","-0.0142013915","-0.0142013915","53","53","53","97.65837","97.65837","97.65837","52","52","52","93.59148","93.59148","93.59148","50","50","50","-0.03701469","-0.03701469","-0.03701469","50","50","50","-0.28411332","-0.28411332","-0.28411332"
"5120","71","71","71","-0.8207775","-0.8207775","-0.8207775","73","73","73","-1.3634794","-1.3634794","-1.3634794","73","73","73","95.5188","95.5188","95.5188","73","73","73","95.33685","95.33685","95.33685","73","73","73","98.19342","98.19342","98.19342","73","73","73","-0.017423099","-0.017423099","-0.017423099","73","73","73","95.08169","95.08169","95.08169","73","73","73","91.93093","91.93093","91.93093","71","71","71","-0.5655535","-0.5655535","-0.5655535","71","71","71","-0.45010576","-0.45010576","-0.45010576"
"6144","91","91","91","78.896805","78.896805","78.896805","93","93","93","-2.9846704","-2.9846704","-2.9846704","93","93","93","92.14333","92.14333","92.14333","93","93","93","94.04242","94.04242","94.04242","93","93","93","96.4766","96.4766","96.4766","93","93","93","-0.09556782","-0.09556782","-0.09556782","93","93","93","92.90944","92.90944","92.90944","93","93","93","95.64796","95.64796","95.64796","91","91","91","-1.3638088","-1.3638088","-1.3638088","91","91","91","-0.14469625","-0.14469625","-0.14469625"
"7168","111","111","111","97.71058","97.71058","97.71058","113","113","113","-5.4257164","-5.4257164","-5.4257164","113","113","113","92.795784","92.795784","92.795784","113","113","113","93.15899","93.15899","93.15899","113","113","113","94.88003","94.88003","94.88003","113","113","113","-0.08674379","-0.08674379","-0.08674379","113","113","113","92.73511","92.73511","92.73511","113","113","113","96.40786","96.40786","96.40786","111","111","111","-0.71186656","-0.71186656","-0.71186656","111","111","111","-0.29065958","-0.29065958","-0.29065958"
"8192","131","131","131","95.06101","95.06101","95.06101","133","133","133","-3.7822416","-3.7822416","-3.7822416","133","133","133","92.609","92.609","92.609","133","133","133","91.818886","91.818886","91.818886","133","133","133","93.95796","93.95796","93.95796","133","133","133","-6.216743","-6.216743","-6.216743","133","133","133","95.04815","95.04815","95.04815","133","133","133","95.14269","95.14269","95.14269","131","131","131","-1.5217258","-1.5217258","-1.5217258","131","131","131","-2.7299874","-2.7299874","-2.7299874"
"9216","151","151","151","92.900986","92.900986","92.900986","153","153","153","-1.960533","-1.960533","-1.960533","153","153","153","92.336136","92.336136","92.336136","153","153","153","91.95899","91.95899","91.95899","153","153","153","93.83908","93.83908","93.83908","153","153","153","-41.706676","-41.706676","-41.706676","153","153","153","94.215744","94.215744","94.215744","153","153","153","94.25434","94.25434","94.25434","151","151","151","-6.847326","-6.847326","-6.847326","151","151","151","97.6882","97.6882","97.6882"
"10240","171","171","171","92.600395","92.600395","92.600395","173","173","173","-2.2268848","-2.2268848","-2.2268848","173","173","173","91.891464","91.891464","91.891464","173","173","173","91.23125","91.23125","91.23125","173","173","173","91.88168","91.88168","91.88168","173","173","173","93.28474","93.28474","93.28474","173","173","173","92.35079","92.35079","92.35079","173","173","173","91.75641","91.75641","91.75641","171","171","171","96.872284","96.872284","96.872284","171","171","171","96.59987","96.59987","96.59987"
"11264","191","191","191","92.22599","92.22599","92.22599","193","193","193","-6.901192","-6.901192","-6.901192","193","193","193","91.76112","91.76112","91.76112","193","193","193","91.83919","91.83919","91.83919","193","193","193","92.17764","92.17764","92.17764","193","193","193","92.87918","92.87918","92.87918","193","193","193","93.80802","93.80802","93.80802","193","193","193","90.43737","90.43737","90.43737","191","191","191","95.206825","95.206825","95.206825","191","191","191","96.15986","96.15986","96.15986"
"12288","211","211","211","93.17833","93.17833","93.17833","213","213","213","-21.624472","-21.624472","-21.624472","213","213","213","91.538376","91.538376","91.538376","213","213","213","90.45137","90.45137","90.45137","213","213","213","91.99396","91.99396","91.99396","213","213","213","94.51825","94.51825","94.51825","213","213","213","92.57856","92.57856","92.57856","213","213","213","90.065704","90.065704","90.065704","211","211","211","94.281105","94.281105","94.281105","211","211","211","95.745285","95.745285","95.745285"
"13312","231","231","231","92.277435","92.277435","92.277435","233","233","233","32.272594","32.272594","32.272594","233","233","233","91.30119","91.30119","91.30119","233","233","233","90.47443","90.47443","90.47443","233","233","233","89.984764","89.984764","89.984764","233","233","233","93.73686","93.73686","93.73686","233","233","233","91.933464","91.933464","91.933464","233","233","233","90.04388","90.04388","90.04388","231","231","231","94.721016","94.721016","94.721016","231","231","231","94.986885","94.986885","94.986885"
"14336","251","251","251","92.90802","92.90802","92.90802","253","253","253","33.315056","33.315056","33.315056","253","253","253","91.21835","91.21835","91.21835","253","253","253","90.493065","90.493065","90.493065","253","253","253","89.27767","89.27767","89.27767","253","253","253","93.15756","93.15756","93.15756","253","253","253","92.06483","92.06483","92.06483","253","253","253","89.978874","89.978874","89.978874","251","251","251","93.868355","93.868355","93.868355","251","251","251","93.98636","93.98636","93.98636"
"15360","271","271","271","92.62764","92.62764","92.62764","273","273","273","69.59007","69.59007","69.59007","273","273","273","91.16036","91.16036","91.16036","273","273","273","90.01658","90.01658","90.01658","273","273","273","89.07749","89.07749","89.07749","273","273","273","94.86185","94.86185","94.86185","273","273","273","92.37621","92.37621","92.37621","273","273","273","90.07444","90.07444","90.07444","271","271","271","92.06755","92.06755","92.06755","271","271","271","93.385414","93.385414","93.385414"
"16384","291","291","291","92.68564","92.68564","92.68564","293","293","293","76.64593","76.64593","76.64593","293","293","293","91.410385","91.410385","91.410385","293","293","293","92.41316","92.41316","92.41316","293","293","293","88.918236","88.918236","88.918236","293","293","293","93.569435","93.569435","93.569435","293","293","293","92.96455","92.96455","92.96455","293","293","293","90.03828","90.03828","90.03828","291","291","291","92.88578","92.88578","92.88578","291","291","291","94.64869","94.64869","94.64869"
"17408","311","311","311","92.53304","92.53304","92.53304","313","313","313","79.43621","79.43621","79.43621","315","315","315","91.04874","91.04874","91.04874","313","313","313","89.962944","89.962944","89.962944","313","313","313","88.997765","88.997765","88.997765","313","313","313","93.49004","93.49004","93.49004","314","314","314","91.362335","91.362335","91.362335","314","314","314","90.37543","90.37543","90.37543","311","311","311","94.07034","94.07034","94.07034","311","311","311","92.881516","92.881516","92.881516"
"18432","333","333","333","92.6666","92.6666","92.6666","333","333","333","83.75802","83.75802","83.75802","335","335","335","91.54728","91.54728","91.54728","335","335","335","89.99646","89.99646","89.99646","335","335","335","89.28919","89.28919","89.28919","333","333","333","93.95437","93.95437","93.95437","334","334","334","92.157936","92.157936","92.157936","334","334","334","89.83102","89.83102","89.83102","331","331","331","92.49572","92.49572","92.49572","333","333","333","93.62372","93.62372","93.62372"
"19456","353","353","353","92.22053","92.22053","92.22053","353","353","353","85.25192","85.25192","85.25192","355","355","355","91.26345","91.26345","91.26345","355","355","355","90.535164","90.535164","90.535164","355","355","355","89.33663","89.33663","89.33663","355","355","355","93.518105","93.518105","93.518105","354","354","354","90.550514","90.550514","90.550514","354","354","354","90.4038","90.4038","90.4038","351","351","351","91.80786","91.80786","91.80786","353","353","353","94.114876","94.114876","94.114876"
"20480","373","373","373","92.80036","92.80036","92.80036","375","375","375","84.004974","84.004974","84.004974","375","375","375","91.5663","91.5663","91.5663","375","375","375","91.742645","91.742645","91.742645","375","375","375","89.355675","89.355675","89.355675","375","375","375","94.115326","94.115326","94.115326","374","374","374","90.51766","90.51766","90.51766","375","375","375","89.92785","89.92785","89.92785","373","373","373","92.5614","92.5614","92.5614","373","373","373","93.37702","93.37702","93.37702"