"global_step","MountainCarContinuous-v0_ppo_s9_1754848049 - _step","MountainCarContinuous-v0_ppo_s9_1754848049 - _step__MIN","MountainCarContinuous-v0_ppo_s9_1754848049 - _step__MAX","MountainCarContinuous-v0_ppo_s9_1754848049 - perf/inference_time_per_step","MountainCarContinuous-v0_ppo_s9_1754848049 - perf/inference_time_per_step__MIN","MountainCarContinuous-v0_ppo_s9_1754848049 - perf/inference_time_per_step__MAX","MountainCarContinuous-v0_ppo_s8_1754847947 - _step","MountainCarContinuous-v0_ppo_s8_1754847947 - _step__MIN","MountainCarContinuous-v0_ppo_s8_1754847947 - _step__MAX","MountainCarContinuous-v0_ppo_s8_1754847947 - perf/inference_time_per_step","MountainCarContinuous-v0_ppo_s8_1754847947 - perf/inference_time_per_step__MIN","MountainCarContinuous-v0_ppo_s8_1754847947 - perf/inference_time_per_step__MAX","MountainCarContinuous-v0_ppo_s7_1754847899 - _step","MountainCarContinuous-v0_ppo_s7_1754847899 - _step__MIN","MountainCarContinuous-v0_ppo_s7_1754847899 - _step__MAX","MountainCarContinuous-v0_ppo_s7_1754847899 - perf/inference_time_per_step","MountainCarContinuous-v0_ppo_s7_1754847899 - perf/inference_time_per_step__MIN","MountainCarContinuous-v0_ppo_s7_1754847899 - perf/inference_time_per_step__MAX","MountainCarContinuous-v0_ppo_s6_1754847852 - _step","MountainCarContinuous-v0_ppo_s6_1754847852 - _step__MIN","MountainCarContinuous-v0_ppo_s6_1754847852 - _step__MAX","MountainCarContinuous-v0_ppo_s6_1754847852 - perf/inference_time_per_step","MountainCarContinuous-v0_ppo_s6_1754847852 - perf/inference_time_per_step__MIN","MountainCarContinuous-v0_ppo_s6_1754847852 - perf/inference_time_per_step__MAX","MountainCarContinuous-v0_ppo_s5_1754847794 - _step","MountainCarContinuous-v0_ppo_s5_1754847794 - _step__MIN","MountainCarContinuous-v0_ppo_s5_1754847794 - _step__MAX","MountainCarContinuous-v0_ppo_s5_1754847794 - perf/inference_time_per_step","MountainCarContinuous-v0_ppo_s5_1754847794 - perf/inference_time_per_step__MIN","MountainCarContinuous-v0_ppo_s5_1754847794 - perf/inference_time_per_step__MAX","MountainCarContinuous-v0_ppo_s4_1754847713 - _step","MountainCarContinuous-v0_ppo_s4_1754847713 - _step__MIN","MountainCarContinuous-v0_ppo_s4_1754847713 - _step__MAX","MountainCarContinuous-v0_ppo_s4_1754847713 - perf/inference_time_per_step","MountainCarContinuous-v0_ppo_s4_1754847713 - perf/inference_time_per_step__MIN","MountainCarContinuous-v0_ppo_s4_1754847713 - perf/inference_time_per_step__MAX","MountainCarContinuous-v0_ppo_s3_1754847665 - _step","MountainCarContinuous-v0_ppo_s3_1754847665 - _step__MIN","MountainCarContinuous-v0_ppo_s3_1754847665 - _step__MAX","MountainCarContinuous-v0_ppo_s3_1754847665 - perf/inference_time_per_step","MountainCarContinuous-v0_ppo_s3_1754847665 - perf/inference_time_per_step__MIN","MountainCarContinuous-v0_ppo_s3_1754847665 - perf/inference_time_per_step__MAX","MountainCarContinuous-v0_ppo_s2_1754847606 - _step","MountainCarContinuous-v0_ppo_s2_1754847606 - _step__MIN","MountainCarContinuous-v0_ppo_s2_1754847606 - _step__MAX","MountainCarContinuous-v0_ppo_s2_1754847606 - perf/inference_time_per_step","MountainCarContinuous-v0_ppo_s2_1754847606 - perf/inference_time_per_step__MIN","MountainCarContinuous-v0_ppo_s2_1754847606 - perf/inference_time_per_step__MAX","MountainCarContinuous-v0_ppo_s1_1754847526 - _step","MountainCarContinuous-v0_ppo_s1_1754847526 - _step__MIN","MountainCarContinuous-v0_ppo_s1_1754847526 - _step__MAX","MountainCarContinuous-v0_ppo_s1_1754847526 - perf/inference_time_per_step","MountainCarContinuous-v0_ppo_s1_1754847526 - perf/inference_time_per_step__MIN","MountainCarContinuous-v0_ppo_s1_1754847526 - perf/inference_time_per_step__MAX","MountainCarContinuous-v0_ppo_s0_1754847440 - _step","MountainCarContinuous-v0_ppo_s0_1754847440 - _step__MIN","MountainCarContinuous-v0_ppo_s0_1754847440 - _step__MAX","MountainCarContinuous-v0_ppo_s0_1754847440 - perf/inference_time_per_step","MountainCarContinuous-v0_ppo_s0_1754847440 - perf/inference_time_per_step__MIN","MountainCarContinuous-v0_ppo_s0_1754847440 - perf/inference_time_per_step__MAX"
"1024","5","5","5","0.0012295732","0.0012295732","0.0012295732","5","5","5","0.0012326806","0.0012326806","0.0012326806","5","5","5","0.00122717","0.00122717","0.00122717","5","5","5","0.00121832","0.00121832","0.00121832","5","5","5","0.0012376566","0.0012376566","0.0012376566","5","5","5","0.0012999348","0.0012999348","0.0012999348","5","5","5","0.0012298331","0.0012298331","0.0012298331","5","5","5","0.0012083177","0.0012083177","0.0012083177","5","5","5","0.0012172277","0.0012172277","0.0012172277","5","5","5","0.0012400927","0.0012400927","0.0012400927"
"2048","12","12","12","0.000007962436","0.000007962436","0.000007962436","14","14","14","0.000008071788","0.000008071788","0.000008071788","14","14","14","0.000007535729","0.000007535729","0.000007535729","14","14","14","0.000008130019","0.000008130019","0.000008130019","14","14","14","0.000008214159","0.000008214159","0.000008214159","14","14","14","0.000008651265","0.000008651265","0.000008651265","14","14","14","0.000007847812","0.000007847812","0.000007847812","14","14","14","0.0000082164015","0.0000082164015","0.0000082164015","12","12","12","0.000008178393","0.000008178393","0.000008178393","12","12","12","0.000008717216","0.000008717216","0.000008717216"
"3072","32","32","32","0.000008319812","0.000008319812","0.000008319812","34","34","34","0.000008266862","0.000008266862","0.000008266862","34","34","34","0.000007834042","0.000007834042","0.000007834042","35","35","35","0.00000771481","0.00000771481","0.00000771481","34","34","34","0.00000883834","0.00000883834","0.00000883834","34","34","34","0.000009015846","0.000009015846","0.000009015846","35","35","35","0.000008405134","0.000008405134","0.000008405134","34","34","34","0.000009002448","0.000009002448","0.000009002448","32","32","32","0.00000789548","0.00000789548","0.00000789548","32","32","32","0.000007814405","0.000007814405","0.000007814405"
"4096","52","52","52","0.000008240797","0.000008240797","0.000008240797","54","54","54","0.000007880975","0.000007880975","0.000007880975","54","54","54","0.00000825881","0.00000825881","0.00000825881","55","55","55","0.0000078715775","0.0000078715775","0.0000078715775","54","54","54","0.0000080931095","0.0000080931095","0.0000080931095","54","54","54","0.000008184679","0.000008184679","0.000008184679","55","55","55","0.000007783953","0.000007783953","0.000007783953","54","54","54","0.000008240732","0.000008240732","0.000008240732","52","52","52","0.00000815909","0.00000815909","0.00000815909","52","52","52","0.000008335837","0.000008335837","0.000008335837"
"5120","73","73","73","0.00011574972","0.00011574972","0.00011574972","75","75","75","0.000115284","0.000115284","0.000115284","75","75","75","0.000034169418","0.000034169418","0.000034169418","75","75","75","0.000030900395","0.000030900395","0.000030900395","75","75","75","0.00005913703","0.00005913703","0.00005913703","75","75","75","0.00011551769","0.00011551769","0.00011551769","75","75","75","0.000040798746","0.000040798746","0.000040798746","75","75","75","0.000051721243","0.000051721243","0.000051721243","73","73","73","0.000112348294","0.000112348294","0.000112348294","73","73","73","0.000115004186","0.000115004186","0.000115004186"
"6144","93","93","93","0.000008043507","0.000008043507","0.000008043507","95","95","95","0.000008745064","0.000008745064","0.000008745064","95","95","95","0.000008146195","0.000008146195","0.000008146195","95","95","95","0.000007858093","0.000007858093","0.000007858093","95","95","95","0.000007769279","0.000007769279","0.000007769279","95","95","95","0.0000085061065","0.0000085061065","0.0000085061065","95","95","95","0.00000772145","0.00000772145","0.00000772145","95","95","95","0.00000884765","0.00000884765","0.00000884765","93","93","93","0.000008272623","0.000008272623","0.000008272623","93","93","93","0.000008098995","0.000008098995","0.000008098995"
"7168","113","113","113","0.00000833717","0.00000833717","0.00000833717","115","115","115","0.000008557516","0.000008557516","0.000008557516","115","115","115","0.000007853084","0.000007853084","0.000007853084","115","115","115","0.0000075495927","0.0000075495927","0.0000075495927","115","115","115","0.000007851716","0.000007851716","0.000007851716","115","115","115","0.000008118315","0.000008118315","0.000008118315","115","115","115","0.000007647744","0.000007647744","0.000007647744","115","115","115","0.000008523352","0.000008523352","0.000008523352","113","113","113","0.0000080813925","0.0000080813925","0.0000080813925","113","113","113","0.00000816343","0.00000816343","0.00000816343"
"8192","133","133","133","0.000008409873","0.000008409873","0.000008409873","135","135","135","0.000007560855","0.000007560855","0.000007560855","135","135","135","0.000007651423","0.000007651423","0.000007651423","135","135","135","0.000007881733","0.000007881733","0.000007881733","135","135","135","0.000008534394","0.000008534394","0.000008534394","135","135","135","0.000007994116","0.000007994116","0.000007994116","135","135","135","0.00000798187","0.00000798187","0.00000798187","135","135","135","0.000007736059","0.000007736059","0.000007736059","133","133","133","0.000008257309","0.000008257309","0.000008257309","133","133","133","0.000008594206","0.000008594206","0.000008594206"
"9216","153","153","153","0.0000081476255","0.0000081476255","0.0000081476255","155","155","155","0.000008499736","0.000008499736","0.000008499736","155","155","155","0.000008552361","0.000008552361","0.000008552361","155","155","155","0.000008193021","0.000008193021","0.000008193021","155","155","155","0.000008205132","0.000008205132","0.000008205132","155","155","155","0.000007781138","0.000007781138","0.000007781138","155","155","155","0.000008301296","0.000008301296","0.000008301296","155","155","155","0.000007857302","0.000007857302","0.000007857302","153","153","153","0.000008102014","0.000008102014","0.000008102014","153","153","153","0.000007986164","0.000007986164","0.000007986164"
"10240","173","173","173","0.000007843186","0.000007843186","0.000007843186","175","175","175","0.000008767441","0.000008767441","0.000008767441","175","175","175","0.000007924407","0.000007924407","0.000007924407","175","175","175","0.000007951232","0.000007951232","0.000007951232","175","175","175","0.0000082161405","0.0000082161405","0.0000082161405","175","175","175","0.0000078968715","0.0000078968715","0.0000078968715","175","175","175","0.0000084410285","0.0000084410285","0.0000084410285","175","175","175","0.000008197139","0.000008197139","0.000008197139","173","173","173","0.00000831142","0.00000831142","0.00000831142","173","173","173","0.000007942215","0.000007942215","0.000007942215"
"11264","193","193","193","0.000008594623","0.000008594623","0.000008594623","195","195","195","0.000007731282","0.000007731282","0.000007731282","195","195","195","0.000008339298","0.000008339298","0.000008339298","195","195","195","0.000008429233","0.000008429233","0.000008429233","195","195","195","0.00000866808","0.00000866808","0.00000866808","195","195","195","0.0000075791745","0.0000075791745","0.0000075791745","195","195","195","0.000008257434","0.000008257434","0.000008257434","195","195","195","0.000007849948","0.000007849948","0.000007849948","193","193","193","0.000008492187","0.000008492187","0.000008492187","193","193","193","0.000008459648","0.000008459648","0.000008459648"
"12288","213","213","213","0.00000867745","0.00000867745","0.00000867745","215","215","215","0.000007653713","0.000007653713","0.000007653713","215","215","215","0.000007679568","0.000007679568","0.000007679568","215","215","215","0.000008087569","0.000008087569","0.000008087569","215","215","215","0.000008228797","0.000008228797","0.000008228797","215","215","215","0.00000845568","0.00000845568","0.00000845568","215","215","215","0.000008181923","0.000008181923","0.000008181923","215","215","215","0.00000812382","0.00000812382","0.00000812382","213","213","213","0.00000791657","0.00000791657","0.00000791657","213","213","213","0.000007744844","0.000007744844","0.000007744844"
"13312","233","233","233","0.000008466758","0.000008466758","0.000008466758","235","235","235","0.000007844396","0.000007844396","0.000007844396","235","235","235","0.000008309901","0.000008309901","0.000008309901","235","235","235","0.000008318931","0.000008318931","0.000008318931","235","235","235","0.000007982778","0.000007982778","0.000007982778","235","235","235","0.000007849243","0.000007849243","0.000007849243","235","235","235","0.000007829141","0.000007829141","0.000007829141","235","235","235","0.000007931366","0.000007931366","0.000007931366","233","233","233","0.000007631879","0.000007631879","0.000007631879","233","233","233","0.000008480212","0.000008480212","0.000008480212"
"14336","253","253","253","0.000008259029","0.000008259029","0.000008259029","255","255","255","0.000008476936","0.000008476936","0.000008476936","255","255","255","0.000008127366","0.000008127366","0.000008127366","255","255","255","0.000008242692","0.000008242692","0.000008242692","255","255","255","0.000009122863","0.000009122863","0.000009122863","255","255","255","0.000008801613","0.000008801613","0.000008801613","255","255","255","0.000008243961","0.000008243961","0.000008243961","255","255","255","0.000007971181","0.000007971181","0.000007971181","253","253","253","0.0000078018375","0.0000078018375","0.0000078018375","253","253","253","0.000007520313","0.000007520313","0.000007520313"
"15360","273","273","273","0.000008597608","0.000008597608","0.000008597608","275","275","275","0.00000786815","0.00000786815","0.00000786815","275","275","275","0.000008893106","0.000008893106","0.000008893106","275","275","275","0.000008235988","0.000008235988","0.000008235988","275","275","275","0.000008858466","0.000008858466","0.000008858466","275","275","275","0.000008538789","0.000008538789","0.000008538789","275","275","275","0.000007638505","0.000007638505","0.000007638505","275","275","275","0.000007798123","0.000007798123","0.000007798123","273","273","273","0.0000084326875","0.0000084326875","0.0000084326875","273","273","273","0.000008337648","0.000008337648","0.000008337648"
"16384","293","293","293","0.000008097759","0.000008097759","0.000008097759","295","295","295","0.000008082182","0.000008082182","0.000008082182","295","295","295","0.000008520921","0.000008520921","0.000008520921","295","295","295","0.000008595478","0.000008595478","0.000008595478","295","295","295","0.000008017082","0.000008017082","0.000008017082","295","295","295","0.000007763113","0.000007763113","0.000007763113","295","295","295","0.000008105313","0.000008105313","0.000008105313","295","295","295","0.000007883475","0.000007883475","0.000007883475","293","293","293","0.000007811463","0.000007811463","0.000007811463","293","293","293","0.000008279596","0.000008279596","0.000008279596"
"17408","313","313","313","0.000008094463","0.000008094463","0.000008094463","315","315","315","0.000008396445","0.000008396445","0.000008396445","317","317","317","0.0000087292265","0.0000087292265","0.0000087292265","315","315","315","0.000007852272","0.000007852272","0.000007852272","315","315","315","0.00000791635","0.00000791635","0.00000791635","315","315","315","0.000008941767","0.000008941767","0.000008941767","316","316","316","0.000007847617","0.000007847617","0.000007847617","316","316","316","0.000008716254","0.000008716254","0.000008716254","313","313","313","0.000007836887","0.000007836887","0.000007836887","313","313","313","0.000008068264","0.000008068264","0.000008068264"
"18432","335","335","335","0.000008016324","0.000008016324","0.000008016324","335","335","335","0.000008158029","0.000008158029","0.000008158029","337","337","337","0.000008967859","0.000008967859","0.000008967859","337","337","337","0.000008266973","0.000008266973","0.000008266973","337","337","337","0.000008222798","0.000008222798","0.000008222798","335","335","335","0.000008470918","0.000008470918","0.000008470918","336","336","336","0.000007836676","0.000007836676","0.000007836676","336","336","336","0.000008513741","0.000008513741","0.000008513741","333","333","333","0.00000808512","0.00000808512","0.00000808512","335","335","335","0.000008029991","0.000008029991","0.000008029991"
"19456","355","355","355","0.000008357557","0.000008357557","0.000008357557","355","355","355","0.000008429595","0.000008429595","0.000008429595","357","357","357","0.000007936936","0.000007936936","0.000007936936","357","357","357","0.000007812483","0.000007812483","0.000007812483","357","357","357","0.000007978144","0.000007978144","0.000007978144","357","357","357","0.000008394821","0.000008394821","0.000008394821","356","356","356","0.000008674755","0.000008674755","0.000008674755","356","356","356","0.000008196975","0.000008196975","0.000008196975","353","353","353","0.0000080028785","0.0000080028785","0.0000080028785","355","355","355","0.000008248148","0.000008248148","0.000008248148"
"20480","375","375","375","0.000008333461","0.000008333461","0.000008333461","377","377","377","0.000008173669","0.000008173669","0.000008173669","377","377","377","0.000008589904","0.000008589904","0.000008589904","377","377","377","0.000007910513","0.000007910513","0.000007910513","377","377","377","0.000008280502","0.000008280502","0.000008280502","377","377","377","0.000008843731","0.000008843731","0.000008843731","376","376","376","0.000008257293","0.000008257293","0.000008257293","377","377","377","0.000008380914","0.000008380914","0.000008380914","375","375","375","0.000008122681","0.000008122681","0.000008122681","375","375","375","0.000007751613","0.000007751613","0.000007751613"